您好 高兴 您 服务 呃 你好 就是 我 想 问 一下 我 这个 手机 是 广西 玉林 的 然后 现在 我 在 外地 在 广西 海南 呃 在 海南 那边 海南省 那边 接听 它 是 要 多少 钱 的 呀 嗯 接听 对 吗 在 海南 接听 的话 呢 是 嗯 嗯 呃 您 现在 办有 个 漫游 包 接听 是 免费 的 呵 在 全国 但 中国 大陆 接电话 都 是 免费 的 不是 我 的 意思 是 说 我 其他 的 号码 我 另外 一个 号码 另外 一个 号码 的话 哦 那 我 就 不 知道 咯 就要 知道 那 号码 的 资费 我 才能 判断 它 是否 接听 是 多少 钱 或是 免费 的 您 就 您 这个 的话 您 这个 接听 是 免费 的 我报 这个 号码 你 帮 我查 一下 可以 吗 哦 您 有 那个 号码 的 服务 密码 吗 哦 要 有 密码 才能 帮 您 查 得到 没有 密码 的话 呃 如果 那 号码 是 您 的 您 可以 用 那个 本 机号码 直接 来电 查 一下 那意 说 呃 我 呃 办办 一个 免费 接听 的 是 怎么办 的 呀 呃 就 说 可以 办 一个 全国 一家 漫游 包 五块 钱 一个月 办 了 之后 呢 就是 全国 接电话 免费 的 了 不是 还有 一个 吗 说 呃 就是 呃 十块钱 一个月 然后 拨打 多少 分钟 接听 免费 的 块 的 国内 漫游 包 您 现在 办 的 就 这个 这个 也 可以 呀 嗯 那 嗯 十块 好像 是 之 哦 行 了 嗯 好 的 那 感谢 来电 了 祝您 生活 愉快 那 ,0
您好 请问 有 什么 可以 帮到 您 请问 一下 移动 宽带 能 不能 装到 啊 贺州市 莲塘 镇新莲村 这边 啊 呃 先生 您 先 稍等一下 您 是 贺州市 然后 呃 哪个 区 呢 八步区 莲 莲塘 镇 是 吗 对 新莲村 新 是 新旧 的 新 莲花 的 莲 吗 稍等一下 呃 先生 我 看 了 一下 在 新莲村 这边 的话 呢 有 四个 箱子 其中 还有 那个 呃 就是 端口 的 一个 是 在 新莲 基站 旁边 还有 一个 是 在 新莲 小学 的 这个 围墙 这里 还有 一个 是 在 幼儿园 旁边 的 民房 这边 目前 呢 就 这 三个 机箱 可以 装 其他 的 地方 的话 暂时 还装 不了 您 看看 您 离 这 几个 的 机箱 的 位置 有没有 在 它 附近 一百米 的 如果 是 有 的话 呢 那 这个 的话 呢 就 可以 进行 一个 安装 哦 麻烦 你 再说 下 那 机箱 的 地址 一个 是 在 我们 的 新莲 基站 旁边 的 电线杆 上面 还有 一个 是 在 新莲 小学 旁边 的 围墙 还有 一个 的话 呢 是 在 幼儿园 旁边 的 围 呃 民房 这里 基站 呢 这 移动 基站 在 新莲 的 哪个 地方 呃 这个 我 不是 很 清楚 哦 它 这边 的话 呢 就是 显示 就是 这 样子 但是 这个 村 如果 不 大 的话 您 可以 转 一圈 它 那个 箱子 就 这 三个 有 之 呃 之前 还有 一个 就是 在 七十六 号 民房 旁边 但是 这个 箱子 的 端口 已经 用 完 了 那 其他 地方 如果说 您 靠近 的话 就 还 可以 装太远 的 装 不了 了 那 你 的 意思 必须 要 一百米 以内 才能 安装 是不是 离 那个 箱 对 就是说 您 离 这个 机箱 不 能够 超过 一百米 因为 太远 的话 其实 您 装 到时候 您 的 那个 网络 也 会 出现 网速 不够 啊 或者 是 经常 断线 那 估计 是 超过 一百米 那 我 这边 的话 呢 帮 您 先 呃 我 这个 人 建议您 的话 呢 可以 周围 转 一圈 就是 看 一下 就是 距离 哪个 箱子 其实 它 就 四个 箱 一二三四 四个 箱 它 箱子 上面 都 会 有 编号 的 有 我们 中国移动 的 标志 如果说 您 靠近 比较 靠近 哪 一个 的话 您 可以 打电话 过来 给 我们 我们 帮 您 试着 下单 让 工作人员 的话 呢 去 看 一下 能 不能 装 这 样子 也 行 啊 就 新莲 小学 那个 墙 围墙 有 一个 是 吗 呃 对 对 对 那边 有 那 我 不 那 不行 了 呃 那 肯定 跟 我 我 现在 自己 知 我 知道 的 就 肯定 是 超 一百米 园 那边 也 是 在 也 有 一百米 基站 是 在 哪个 地方 我 不 知道 那 您 转 一圈 看看 呗 它 那个 是 属于 一号 箱 是 在 电线杆 上面 的 哦 电线杆 上面 是 哇 好 吧 那 知道 了 谢谢 我 这个 手机 的 套餐 可以 问 你 你 你 您 这边 知道 吗 可以 问 可以 呀 嗯 您 说 我 这 是不是 全球通 的 全球通 就是 月租 多少 钱 呐 这个 您 现在 的 套餐 月租 是 十八块 但是 我 需要 提醒 一下 您 您 现在 这个 号码 尾号 是 二八 二八 的 所以 的话 呢 他 有 一个 手机号码 的 最低 消费 是从 下个月 开始 就 三十块 钱 以后 呢 您 的 手机 这边 的话 就 呃 就是 按 三十块 钱 收取 但是 月租 呢 您 选 的 是 十八块 的 每个 月 那 它 那个 那 最低 消费 那个 钱 就 你 用 不用 必须 要交 是不是 呃 对 就是 每个 月 您 的 手机 的话 呢 是 要 有 的 这个 最低 消费 那 如果说 您 每个 月 的 手机 没有 达到 这个 最低 消费 的话 也 是 按 这个 最低 消费 收 的 呃 就是 有 两个 八 的 就是 要 这样 的 消费 是 吧 嗯 就是 尾号 是 叠 号码 那 您 这个 号码 相对 于 别人 来说 的话 都 比较 好 了 好 吧 那 谢谢 知道 了 ,0
您好 很 高兴 为您服务 您好 很 高兴 为您服务 呃 您好 您 已 接通 了 广西 幺 零零 八六 人工 台请 有 什么 需要 帮忙 的 吗 哦 我 想 问 一 如果 开通 十八个 十八块 钱 一个月 的 有 什么 服务 您 是 说 打算 为 您 这个 来电 号码 开是 吗 哎 就是 按 这个 号码 改为 十八块 钱 一个月 的 有 什么 服务 您 号码 是 永州 号码 我 这 是 广西 人工 台 我 查看 不到 我 帮 您 转 回到 永州 的 幺 零零 八六 人工 台 由 他 跟 您 核实 说明 一下 好 吗 好 转接 您 这边 听到 提示 后 按 一号 键转 回去 转接 过程 中有 什么 疑问 您 也 可以 直接 打 幺 零零 八六 根据 提示 按 一号 键 也 可 免费 转回 现在 我 帮 您 转回 了 请 您 听 提示 好 吗 您好 现在 帮 您 转 回去 了 好 吗 您好 请问 能 听 得到 我 的 声音 吗 您好 请问 能 听 得到 我 的 应答 吗 我 说 您 号码 是 永州 号码 您 要 核实 的话 要 为 您 号码 办理 我 帮 您 转 回到 永州 的 幺 零零 八六 了 由 他 帮 您 核实 看 一下 好 吗 呃 十八块 钱 月租 他 有没有 流量 的 我 这边 是 广西 人工 台 我 只能 核实 到 广西 的 资费 您 号码 是 永州 号码 我 看不到 这个 资费 转回 那个 全球通 要 多少 钱 呢 那 现在 我 是 说 帮 您 转 回到 永州 的 幺 零零 八六 由 他 帮 您 查看 说 您 说明 一下 好 吗 呃 可以 可以 好 那 请 您 听 提示 按 一号 键转 回去 现帮 您 转接 请 听 提示 好现 帮 您 转接 了 请 您 听 提示 按 一号 键转 回来 好 吗 您好 请问 听 得到 我 的 声音 吗 我现 帮 您 转 回去 了 好 吗 好 那 请 听 提示 ,0
您好 很 高兴 为您服务 嗯 你好 你 帮 我 看 一下 我 下个月 剩下 来 的 业务 有 什么 那 我 这边 的话 马上 帮 您 核实 一下 了 呃 下个月 四月份 的 嗯 那 下个月 您 剩余 的 业务 的话 就是 一个 五十块 钱 的 流量 套餐 还有 一个 是 五块 钱 的 亲情 网 五块 钱 亲情 网 还有 一个 是 那个 五块 钱 的 来显 免费 升级包 就 来电显示 升级包 也 是 只 收 您 五块 钱 然后 就 没有 其他 了 呃 就是 相当于 说 三个 业务 只收 五块 钱 是 吗 呃 我 我 刚才 解释 有误 还 还 少 了 一个 还少 了 一个 五块 钱 的 月租 一共 一共 是 四个 一个 是 五块 钱 的 神州行 惠农 网 月租 然后 呢 再 五块 钱 的 亲情 网 然后 再 五块 钱 的 来电显示 升级 的 那个 包 还有 一个 是 五十块 流量 套餐 呃 呃 不是 那个 来电显示 来电显示 彩铃 来电 提醒 三个 业务 呃 不是 只收 五块 钱 吗 是 的 没错 呃 那 一共 一共 有 多少 钱 呢 就 五块 加 五块 十块 十块 加 那个 五十块 流量 套餐 就 六十块 呃 六十块 是 吗 嗯 好 谢谢您 好 不 客气 了 那 麻烦 挂机 前 评价 本次 服务满意 请 按 一 祝您 生活 愉快 ,0
您好 高兴 为您服务 有 什么 可以 帮助 到 您 我 说 我 这个 我 这个 套餐 还有 没有 送 那个 流量 的 有没有 请 您 稍等一下 您 的 号码 现在 用 的 是 二十八 元 的 套餐 它 是 有 一 百兆 的 国内 再 赠送 十二个 月 广西 区内 三百 五 总共 有 四百五十 兆 的 流量 二十二 十八块 的 是 吗 二十八 块 国内 的 是不是 送 一百 一百五十 兆 是不是 二十 二十八 它 是 一 百兆 的 国内 赠送 三百 五是 在 广西 区内 用 的 这个 呃 送 多少 三 呃 三百五十 兆 啊 三百五十 兆 是 在 广西 区内 用 那个 一 百兆 哪里 就 可以 用 了 是 吗 对 一 百兆 是 在 国内 使用 内 使用 啊 那个 那个 是 呃 三百五十 兆 在 广西 可以 用 是 吗 现在 可以 用 吗 这个 可以 的 只要 您 在 广西 区内 都 可以 使用 它 的 流量 的 我 那个 买 那个 三十块 钱 有 多少 兆 我 都 忘 了 四 四百 兆 啊 三十 就 五百 三十三 十块钱 五百 兆 那个 那个 送 的 那个 送 的 就是 在 广西 用 那个 是 三百五十 兆 是 吗 只能 在 广西 用 是 吗 现在 我 还 我 还 在 广西 就是说 现在 现在 是 用 哪 一个 是 用 那个 送 的 还是 用 那个 用钱 买 那个 先 现在 您 开始 用到 您 的 那个 广西 的 才 到 那个 五十 那个 五百 兆 的 就是 五百 兆 就是说 我 用钱 买 那个 三十块 那个 送 五百 兆 那个 先 用 那个 还是 先 送 那个 吗 先 用 我们 的 二十八 元 的 套餐 才 到 您 的 三十块 钱 五百 那个 还有 那个 三百五十 兆 那个 呢 在 广西 用 的 呢 就是说 它 是 现在 它 是 先用 三百五十 兆 的 流量 才 到 您 自己 的 那个 三十块 五百 的 呃 现在 就是 送 那 是 现在 广西 用 的 这个 那 我 把 短信 给 您 看 一下 好 吗 呃 好 嗯 呃 那 就 感谢您 的 来电 稍后 对 个人 服务 进行 评价 满意 摁 一 谢谢您 再见 ,0
您好 很 高兴 为您服务 呃 就 就 说 这个 我 这个 交 这个 交 二十 兆 那个 最低 消费 它 这个 可以 绑定 那个 两个 手机号码 互打 的 是 吧 您 是 说 什么 绑 什么 互打 我 有点 不太 明白 您 的 意思 就 说 升级 那个 二十 兆 的 最低 消费 一百零八 八 一个月 的 就 说 可以 两个 手机 互打 是 吧 有 那个 它 不是 互打 它 这个 是 共享 低消 就是 一起 分享 那个 低消 的 呃 就是说 嘛 嗯 那 这边 呢 也 要 看 您 主 副 号 有没有 参加 有存 送 活动 啊 购机 活动 如果 有 这些 就 邀请 不了 的 呃 就 说 您 办理 这个 共享 低消 前提 是 要 您 的 主 副 号 没有 参加 有存 送 话费 啊 购机 活动 啊 这些 才 能够 这个 呃 办理 共享 的 嗯 那 我 发短信 给 您 您 可以 再 重新 呃 再 了解 一下 好像 没 没有 办理 那些 吧 嗯 那 没有 办 的话 您 那里 要 有 安装 端口 就 可以 办理 了 办理 了 之后 您 呃 再 通过 短信 或者 是 到 营业厅 去 添加 共享 就 可以 了 哦 这样 不太 知道 这些 嗯 那 您 看 一下 您 再 通过 短信 了解 一下 还 还有 什么 问题 吗 没有 了 没 了 嗯 那 感谢您 的 来电 了 祝您 生活 愉快 再见 ,0
您好 很 高兴 为您服务 诶 喂 你好 我 那个 流量 在 广东 这边 用 不了 吗 您 这里 有 一 嗯 三百五十 兆 在 广东 这边 是 用 不了 的 只有 在 广西 省内 才 可以 使用 兆 在 国内 的 那 不 不是 开通 那个 全球通 吗 您 这个 全球通 它 只有 一 百兆 加 五十分钟 国内 通话 有 这些 流量 三百五十 兆 是 赠送 的 那 赠送 的 只有 在 广西 省内 使用 了 嗯 那 您 如果 需要 更改 套餐 呃 请问 您 是 长期 的 在 外地 是 吗 嗯 如果 成期 的 可以 推荐 您 更改 一下 您 的 一个 组合 套餐 的 另外 您 这里 嗯 一个月 都 是 消费 差不多 五十块 还有 每个 月 都 会 超 那么 呃 二十块 钱 又 叠个 流量 那 您 可以 开 一个 五十块 两 的 流量 就是 两千多 兆 那 这样 啦 您 是 是 在 国内 都 可以 随便 使用 的 了 这样 啊 要 这 嗯 目前 只有 这 一个 比较 合适 您 了 因为 您 是 长期 的 在 外地 使用 流量 的 哎呀 呃 那 那 还是 算了吧 发 一些 呃 下发 这个 新 给 您 了解 一下 吧 您 还有 什么 业 需要 查询 吗 呃 没有 了 不 客气 嗯 感谢您 的 来电 请 评价 本次 服务满意 按 一 再见 ,0
您好 很 高兴 为您服务 有 什么 可以 帮助 到 您 的 喂 您好 诶 您好 我 的 密 我 的 就是 手机 服务 密码 然后 被 上锁 了 我 应要 怎么 解锁 哦 被 上锁 了 是 吗 呃 这边 锁 的话 呢 它 在 会 它 会 在 二十四 小时 过后 自动 解锁 的 那 我 现在 紧急 需要 用 紧急 需要 用话 呢 是 没有 办法 帮 您 及时 解锁 的 实在 抱歉 啦 有 什么 办法 有 什么 方式 可以 解 的 吗 嗯 没有 的 因为 因为 因为 一旦 被 解锁 就 锁 了 以后 呢 它 只有 在 二十四 小时 才能 解锁 不 对 啊 那 我 上次 我 上次 那个 的话 好像 是 我 打电话 给 你们 也 是 你们 教 我 方式 然后 就 可以 解锁 啦 那 我 帮 您 查询 一下 有没有 另外 一种 方法 可以 更新 出来 呃 服务 密码 的话 呢 您 可以 在 网厅 解锁 的 还有 就是 网上 营业厅 嘛 对 吗 您 稍等一下 你 先 不要 挂 电话 我 试一下 是 什么 你 告诉 我 流程 吧 呃 它 那边 是 登录 那个 呃 广西 移动 网站 然后 呢 登录 那个 网上 营业厅 下 你 等 下 你 等 下 呃 网上 营业厅 然后 呢 然后 点击 你 左侧 的 有 个人 设置 然后 个人 设置 然后 有个 是 密码 解锁 哦 好 咧 好咧行 我 先 试一下 吧 谢谢 你 ,0
您好 很 高兴 为您服务 呃 你好 呃 我 想 问 一下 就是 我 一个 朋友 他 去 了 马来 西亚 然后 他用 的 是 我们 移动 的 电话 号码 然后 他 想 开通 一下 那个 国际漫游 的话 资费 是 什么样 的 呢 国际漫游 的话 马来西亚 那边 是 吗 请 您 稍 等 我 现在 为 您 查询 那好 吧 那 我 那 我 为 您 转接 宽带 专席 知道 吗 呃 马来西亚 那边 的话 打电话 在 那边 打电话 的话 打 中国 大陆 的 是 一块 九毛 九 一分钟 然后 接听 的话 是 也 是 一块 九毛 九 然后 的话 在 那里 打 马来西亚 的 电话 是 九 毛 九 一分钟 呃 稍 等 我 要 记 一下 呃 打 出去 的话 中国 电话 是 一块 九毛 九 一分钟 接听 马来西亚 电话 是 零点 九九 一分钟 然后 打出 的话 中国 也 是 一块 九毛九对 吧 在 马来西亚 接听电话 都 是 一毛 呃 一块 九毛 九 中国 的 和 和 马来 的 都 是 一块 九毛 九 对 不管 接 哪里 的 都 是 一块 九毛 九 呃 然后 打 中国 电话 是 一块 九毛 九打 马来 电 电话 是 零点 九九 对 吧 然后 流量 呢 流量 的话 是 三块 钱包 三兆 这样 来 计算 的 三十块 钱 三十块 钱包 三兆 三块 钱包 三兆 每天 最 多 可以 使用 三十块 钱 然后 最 多 可以 使用 到 五十 兆 呵 五十 兆 三块 钱包 三兆 然后 每 呃 没有 没有 包月 的 每天 的 封顶 就是 三块 呃 三十块 钱 然后 的话 最 多 可以 用到 五十 兆 五十 就 会 自动 关闭 这 一个 上网 功能 行 我 知道 了 那 那个 呃 电话 呢 电话 的话 短信 短信 呃 短信 我 短信 的话 是 三毛 九 一条 发送到 中国 大陆 然后 其他 国家 的话 是 呃 发送到 其他 国家 的话 是 一块 二毛 九 呃 你 说 的 是 发到 中国 是 多少 来 着 发到 中国 其他 国家 的话 是 一块 二毛 九 其他 国家 是 一块 二毛 九 行 我 知道 了 呃 那个 流量 有没有 再 优惠 一点 的 这样 这个 的话 是 现在 只有 这样 计费 的 没有 其他 流量 不是 有个 女 的 给 我 说 是 不是 什么 来 着 有 个 女 的 给 我 说 是 有 个 女 的 给 我 说 什么 来 着 哎哟 忘记 了 不 知道 去 哪里 说 到 已经 没有 流量 了 行 我 知道 好 的 那 开通 的话 就 只 需要 那个 那个 那个 什么 什么 什么 服务 密码 就 可以 了 对 吧 嗯 好 的 我 知道 了 ,0
您好 很 高兴 为您服务 是 那个 我 现在 想办 那个 宽带 但是 我 这个 手机卡 呢 是 崇左 的 但是 就是 我 在 南宁 嘛 然后 是 还有 什么 办法 是 可以 办 那个 宽带 的 首先 您 要 把 原来 的 那个 宽带 给 注销 然后 的话 呢 再 办 那个 客户 归属 地 由 南宁 的 转为 呃 由 崇左 转为 南宁 的 那个 归属 地 就行了 就是 现在 那种 宽带 的话 有 什么 套餐 吗 目前 的 一个 宽带 消费 还是 绑定 手机号码 消费 使用 的 就是 二十 兆 最低 的 要求 用户 号码 每月 最低 消费 一百零八 元 就行了 就是 如果 是 首次 首装 那个 要 付 多少 钱 啊 预存 话费 办 一年 就 预存 一百八 办 两年 就 预存 三百六 哦 好 谢谢 啊 不 客气 的 现在 还 挨 去 弄 一下 哦 就是 可以 现在 是 你 可以 帮 我 转 那个 归属 地 吗 呃 转 不了 的 转 不了 吗 那 又 只能 重新 办张 卡 是 吗 还是 要 到 营业厅 到 营业厅 办理 了 就是 您 要 在 崇左 归属 地 那边 先 把 原来 的 宽带 注销 啊 注销 了 然后 您 这边 再 把 那个 再 跟 工作人员 说 是 把 那个 崇左 的 那种 归属 地 客户 归属 地 由 崇左 转为 南宁 的 就行了 就是 之前 在 崇左 的 那个 归属 地 不是 那个 宽带 我 已经 是 注销 了 的 还 没 注销 嗯 谢谢 不 客气 的 祝您 生活 愉快 再见 ,0
您好 很 高兴 为您服务 呃 您好 我 在 听 您 说话 您 请 说 呃 喂 你好 我 想 问 为什么 我 的 手机号码 发 不了 短信 但是 收 得到 短信 呃 对不住 的话 给 您 添麻烦 了 然后 的话 是 发送 的话 直接 显示 发送 失败 还是 说 发送 成功 但 对方 收 它 也 没有 发它 也 没有 显示 发送 失败 也 没有 显示 发送 成功 就是 然后 在 那里 打 圈圈 没有 反应 是 吗 发送 的 时候 然后 它 等 一下 它 就 停 了 也 没有 也 没有 圈圈 它 就 也 没有 说 发送 成功 也 没有 发送 失败 不好意思 给 您 添麻烦 了 稍后 这个 问题 我 然后 分 两步 来 处理 首先 第一步 我 在 后台 为 你 的 手机 进行 短消息 数据 的 更新 请 您 五 我 已经 打电话 过 了 已经 关机 了 已经 重 了 再试 了 没有 效果 诶 好 的 那 接下来 我们 走 最后 两步 呃 第一步 的话 是 这个 的 号码 的话 呢 它 有 一个 中心 号码 的 设置 我 把 那个 中心 号码 的 设置 正确 方法 下 发给您 稍后 根据 我 下发 的 那个 方法 来 检查一下 中心 号码 是不是 正确 如果 不 正确 也 是 发 不了 短信 的 请 您 稍后 检查一下 如果 检查 是 正确 的 最后 一步 把 手机卡 拔出来 插 到 人家 的 手机 上去 试一下 换 手机 啦 我 已 手机 啦 也 不得 呃 那 然后 的话 检查 完 中心 设置 不得 的话 最后 一步 就是 去 营业厅 换 一张 卡重 然后 再试一下 啦 啊 呃 那 你 现在 可以 帮 我 升级 那个 来电 呃 来电显示 升级成 那个 双电 业务 包 吗 呃 升级 不了 这个 业务 的话 然后 需要 去 营业厅 的话 办理 的 好 这样 哦 诶 不好意思 给 您 添麻 ,1
诶 你好 嗯 请问 什么 帮到 您 呃 我 想 问 一下 我 那 有 个 手机号 不 知道 为什么 突然 就 没 网络 了 请问 是 本机 来电 号码 还 其它 号码 呢 其它 号码 的 麻烦 报 一下 呃 幺 五 幺 五八 八九 六四 八九 六四 三 幺 六五 三 幺 六五 八 八九 六四 三 幺 六五 请问 这个 号码 是 哪里 的 呢 广东 深圳 的 广东 的 那 请问 广西 卡 这边 是 有 可以 正常 使用 这个 流量 上网 的 对 吧 这个 它 以 它 以 我 回来 的 时候 它 还 能 用 这个 呃 前 前 几天 时候 它 就 突然 突然 之间 都 没有 网 没有 网络 了 请问 其它 号码 可以 用 吗 可以 可以 就 一个 号码 用 不了 而已 对 吧 那 我 建议您 重启 一下 如果 还是 不行 的话 您 可以 直接 用 幺 五八 的 号码 打 回广 呃 广东 这边 归属 地 客服 咨询 一下 呃 到 要 到 广东 那边 去 咨询 下 还 可以 是 吧 哦 那 好好 可以 可以 那 您 留 一下 哦 感谢 来电 挂机 前 请 评价 本次 服务满意 按 一 ,1
您好 很 高兴 您 服务 有 什么 可以 帮 您 我 想 帮 让 你 帮 我查 一下 上个月 话费 怎么 那么 多 啊 马上 核实 请问 是 二月份 话费 账单 对 吗 二月份 哦 二月份 的话 账单 查询 八 十六块 九毛 呃 除了 扣 月租 之外 其他 是 上网 还有 那个 百宝箱 信息费 扣费 比较 多 百宝箱 啊 我 上个月 都 没有 点 那些 什么 东西 啊 它 怎么 乱扣 我 的 请 稍等一下 上个月 话费 他 都 退 给 我 了 哎 然后 它 又 扣 我 我 那个 百宝箱 费 您好 先生 它 本身 就是 已经 是 扣费 后面 就 没有 任何 产生 呀 话费 的话 您 看 下 之前 嗯 那 那个 就是 百宝箱 那个 嘛 对 啊 这 是 百宝箱 三十二块 钱 话费 之前 已经 扣 了 费用 二月 十号 十四号 十六号 扣 了 费用 然后 您 二月 二十 号 来电 已经 申请 退费 后面 就 没有 再扣 任何 费用 呀 那 我 这个 手机 查 它 怎么 扣 了 都 说 了 二月份 账单 已经 扣 了 费用 那 账单 里面 肯定 还会 原文 显示 明白 吗 他 不会 说 帮 您 返 话费 那个 费用 就 从此 消失 那 它 这些 这些 怎么 扣 啊 这个 话 是 要 看 您 手机 上面 软件 有没有 订购 或者 是 有没有 中 病毒 请 您 刷新 一下 我 都 没有 订购 这些 哦 那 请 您 检查 下 手机软件 没有 中 病毒 刷新 就 可以 了 啊 那 您 这 月 的话 就 没有 产生 呀 我 上个月 我 都 没有 什么 我 又 他 已经 把 那个 产生 的 三十二块 钱 费用 已经 退费 成功 了 呀 先生 二月 二十 号 的 时候 已经 返还 过 了 返还 了 它 后面 还 扣 啊 后面 没有 扣 到 这个 三十二块 钱 本身 就是 您 之前 的 欠 呃 产生 的 费用 然后 您 二月 二十 号 反馈 了 然后 已经 退还 了 二十 三十二 说错 了 没有 啊 他 好像 没退 到 啊 已经 退费 成功 了 三十二块 请 您 查询 一下 十五 点 五十五 呃 二月 二十 号 十五 点 五十 三分 确实 已经 退 了 之前 它 它 干嘛 挨扣 那个 百宝箱 费 啊 它 账单 里面 本身 已经 扣过 了 费用 然后 您 来 来电 反馈 说 没有 点播 然后 我们 同事 已经 把 这个 费用 已经 三十二块 钱 已经 给 您 退还 了 退还 了 那 那 我 的 那个 它 又 扣 了 有 重复 扣费 的 说法 的 请 您 查询 一下 好 吗 账单 我 查询 它 说 扣 啊 不好 思 我们 这边 查询 到 没有 重复 扣费 的 说法 它 只是 扣 了 一次性 三十二 然后 又 给 您 返还 了 所以 这边 已经 操作 已经 看到 我们 同事 都 已经 把 那个 费用 已经 退还 如果 还是 得 不 相信 的话 您 可以 到 营业厅 查询 一下 好 吗 我 在 营业厅 让 他们 先生 您 可以 叫 营业厅 再 核查 如果 是 营业厅 说 扣 了 话 由 营业厅 那边 与 我们 这边 对质 请 您 先到 营业厅 先 核实 了 好 吧 营业厅 是 嘛 我 都 核实 过 了 它 就是 扣扣 费 说 是 在 哪个 营业厅 如果 他 说 扣 了 费用 由 他 那边 来 跟 我们 对质 因为 它 本身 就 已经 账单 已经 扣 了 然后 您 二 二月 二十 号 又 来 反馈 这个 问题 已经 把 那个 费用 已经 退还 了 呀 他 退 了 退 了 它 后面 它 又 扣 啊 没有 扣到 请 您 再查 一下 账单 请 您 登录 网上 厅 详细 查询 一下 好 吗 账单 它 是 显示 扣 了 我 是 说 请 您 先 查询 一下 如过 您 说 有 扣 了 请 您 拿出 证据 先好 吗 先生 我 都 查询 过 啦 我 是 说 请 您 拿出 证据 好 吗 请 您 登录 网上 厅 先 详细 一下 如果 有 疑问 那 感谢 来 ,1
您好 高兴 您 服务 有 什么 可以 帮到 您 吗 有 什么 可以 帮到 您 吗 嗯 您 说 我 想 问 一下 为什么 我 那个 服务 密码 为什么 被 锁定 啊 呃 您 之前 有输过 吗 输过 啊 问题 是 这 几天 为什么 你们 一直 发 信息 给 我 然后 说 我 说 我 那个 又 输错 了 密码 什么 意思 啊 我 都 没有 进入 嗯 很 抱歉 给 您 带来 这 困扰 了 有 可能 是 别人 恶意 登录 您 的 号码 然后 输入 那个 服务 密码 导致 错误 的 但是 他 不 知道 您 的 服务 密码 然后 他 输错 三次 了 然后 就 被 锁住 了 那个 服务 密码 然后 服务 密码 的话 您 需要 解锁 吗 我 现在 下发 一 短信 给 您 然后 您 短信 解锁 您 的 您 的 服务 密码 然后 的话 如果 如果 您 不解 锁 的话 它 二十四 小时 它会 自动 解锁 的 问题 是 都 是 你们 幺 零零 八六 发来 的 信息 的 喔 嗯 是 的 是 这样 的 因为 正常 的话 别人 恶意 输入您 的 那个 服务 密码 它 是 有 短信 有 那个 错误 短信 我们 都 会 有 办 的 那个 卡 我 有 一个 卡 不是 我 挂失 了 嘛 然后 我 再 重新 办 的话 然后 之后 就 会 有 这些 信息 来 之前 是 没会 的 是不是 你们 把 我 的 信息 都 泄露 了 不会 的 您 放心 了 我们 这边 的话 就是 您 可以 就是 重置 一个 复杂 一点 的 服务 密码 好 吗 那 我 怎么 我 这话 下发 的 短信 给 您 然后 您 本机 回复 六零 幺 二井号 键加 您 入网 身份 证件号码 到 幺 零零 八六 然后 重置 一下 您 的 根据 短短 信 操作 重置 一下 您 的 服务 密码 然后 是 重置 的话 就是 重新 设置 一个 复杂 的 然后 是 六位数 的 新密码 几号 键 的 新密码 的 也 那么 复杂 吗 手机 也 操作 不了 吗 我 这话 帮 您 操作 不了 因为 这 涉及 到 您 的 个人隐私 只能 是 您 自己 操作 然后 您 保管 好 不要 让 他人 知道 哦 短信 已经 下发 您 留意 下 哦 好 吧 谢谢 好 的 嗯 那 感谢 来电 了 请 您 评价 本次 ,1
您好 请问 下 有 什么 可以 帮 您 呢 呃 我 我 这个 电话 开 有 那个 来电 提醒 现在 干嘛 突然 就 就 就 断 啦 没 没有 啦 请 稍等一下 好 吗 请 稍等一下 好 吗 我 不 知道 查下 今天 早上 我 又 去 营业厅 啦 他 说 帮 我 开通 又 帮 我 搞好 了 现在 我 一直 回来 现在 都 没有 搞好 呢 怎么回事 咧 哦 非常 抱歉 给 您 带来 困扰 了 就是 宽带 是 吗 就 手机 无法 拨打 电话 是 吗 哎呀 这个 来电 提醒 啊 没有 来电 提醒 呃 的 好 就 说 现在 别人 拨打 电话 给 你 您 手机 关机 后 然后 再 开机 是 没有 短信 的 呃 下 发给你 看 一下 您 今天 反映 的 问题 呃 就 说 就 说 还是 收不到 短信 是 吧 是 啊 是 啊 你 说 你 的 它 又 钱 钱 又 收 我 的 去 呃 呃 又 又 又 又 搞 又 又 又 又 没有 又 没有 过来 什么 回事 咧 那好 那 这 问题 我 现在 非常重视 我 在 后台 帮 您 反映 部门 处理 处理 后 等 下 电话 答复 您好 吗 那 您 这 问题 我 现在 非常重视 然后 我 叫 后台 帮 您 反映 部门 他们 处理 处理 后 等 一下 电话 呃 答复 您好 吗 嗯 好 的 嗯 那 我 叫 后台 帮 您 反映 部门 处理 一下 就 可以 了 好 吗 哦 就 说 你 今天 是 别 呃 呃 哪个 号码 拨打 给 你 你 手机 关机 后 没有 短信 提醒 呢 呃 多咯 好多 电话 咯 关机 以后 呃 诶 很多 电话 打 进来 因 因为 我 睡眠 质量 差 我 睡觉 我要 关机 的 哦 那 这边 后台 帮 您 反映 处理 一下 好 吗 嗯 你 看看 你 看看 呃 呃 什么 什么 什么 什么 意思 怎么 帮 我 处理 什么 时候 帮 我 处理 好 那 这边 尽快 处理 的 请 您 放心 好 吗 放心 了 我 几天 啦 那 处理 后 再 会 电话 答复 您 的 请 您 放心 好 吗 什么 时候 现在 我关 现在 先 挂机 是 嘛 呃 处理 后 应该 在 四十八 小时 内 答复 您好 吗 四十八 小时 去 啊 嗯 是 的 他妈 人家 供电 公司 就 不用 四十八 小时 您 这个 老马 搞 这个 移动 搞搞 搞个 小小的 号码 搞搞 搞搞 搞个 小小的 业务 要 四十八 小时 去 太久 了 吧 因为 我 这要 核实 情况 要点 哎呀 人家 供 供电 公 现在 供电 公司 国家 规定 都 不 给 都 都 不 允许 四十八 小时 呃 哦 那 对 问题 的 疑问 的话 现帮 转接 到 我 这边 的 值 你 这个 猪卵 毛 移动 又 又 又 又 扣 我 的 三十块 钱 那个 流量 我 又 没 办理 有 我 今天 还 还 想 还好 好好 好歹 我 也 去 营业厅 呃 不 去 营业厅 呃 呃 什么 时候 弄 三十块 钱 进来 我 是 呃 没有 啊 我 上网 都 不会 的 又 又 搞 这个 流量 进来 干什么 你 你 这里 移动 好卵 乱 啊 这样 啊 那 对 问题 的 疑问 话 这边 帮 转接 到 我 这边 值班 经理 你 跟 他 咨询 一下 咯 嗯 等 下 你 打 我 电话 答复 我 呃 我 这边 直接 帮 您 转接 ,1
您好 请问 您 有 什么 可以 帮到 您 嗯 你好 那个 买 那个 一 呃 那个 一 一 的 流量 要 多少 钱 谢谢 一 的 流量 的话 是 五十块 的 我 这边 的 到 您 现在 用 的 是 四十块 钱 的 流量 套餐 里面 有 七百 兆 五十块 钱 是 一 的 那 我 改过来 可不可以 改回 改 五十块 是 吗 呃 拐 改回 五十块 才 才 得 一 那 四十块 套 套餐 那个 改 回 五十块 一 的话 可以 的 然后 现 的话 是 现在 办理 下个月 生效 的 五十块 钱 一 它 是 下个月 生效 的 现在 可以 生效 没有 现在 的话 用 不了 因为 您 这个 月 已经 有 四十块 钱 的 这个 了 一个月 只能 用 一个 那 这个 月 它 就要 等到 下个月 才 能够 生效 了 那 我 那 我 这个 接听 用 不用 钱 的 这个 月 不 扣 啊 这个 月 就 扣 您 四十块 钱 流量 套餐 的 五十块 的话 是 下个月 生效 下个月 开始 扣费 下个月 月租 五十块 有 一 呃 我 我 我 意思 我 问 这个 在 外面 接电话 呃 是不是 要钱 的 您 的话 在 国内 接听电话 的话 是 呃 免费 的 我 怎么 还 呃 昨晚 还有 二十块 钱 怎么 一接个 电话 那么 久 就 没有 就 没有 啦 昨天 没有 产生 二十块 钱 的 费用 啊 我 这边 的话 查 了 一下 您 这个 月 的 话费 的话 就 只是 您 这个 呃 套餐 额外 是 九十 八块钱 的 然后 的话 您 用 了 呃 这个 然后 就 用 了 几九 毛钱 的 一个 短信 就 没有 其他 的 费用 产生 了 并 没有 产生 二十块 钱 的 通话费 用 的 你 怎么 一接个 电话 突然 间 接一停 挂 了 就 就 没法 接通 啦 什么 都 没 可能 是 对方 的 一个 号码 而已 啊 可能 是 您 接听 的话 可能 您 是 对方 的 号码 停机 了 您 这个 号码 的话 并 没有 产生 话费 啊 它 就 只是 您 的 月 月租 资费 还有 您 的 短信 费 并 没有 产生 通话费 用 其他 的 通话费 用 现在 是 没有 的 我 这个 是不是 全球通 对 是 这个 四 的 资费套餐 的 呃 全球通 九十八 呃 八十八 块 那个 是 嘛 您 用 的 是 十八 的 是 九十八 的 是 全球通 是 吧 嗯 对 四 的 资费 的 那 你 你 就 把 我 那 四四 十块钱 的 套餐 改为 五十块 钱 的 一 流量 嗯 改到 一 的话 那 下个月 的话 就是 一 一百零八 块 的 一个 月租 了 现在 办理 下个月 生效 就 到 下个月 才 生效 是 吧 对 现在 办理 下个月 生效 的 下 办理 成功 会 有 短信 给 您 提醒 的 嗯 那 你 下个 下 一个月 开始 您 就 改回 一 给 我 嗯 好 的 呃 现在 办帮 您 办理 嗯 不 客气 感谢您 的 来电 请 您 对 本次 服务 进行 评价 满意 请 按 一 谢谢您 ,1
您好 很 高兴 为您服务 我 想 问 一下 为什么 我们 这边 老是 没有 信号 啊 老 是 上网 流量 那么 差劲 啊 上网 啊 好 啦 那 给 您 带来 困扰 非常 抱歉 请问 现在 是 手机 的 全部 软 软件 上网 都 没有 办法 使用 吗 它 上网 啊 老 是 卡 而且 我 这里 从来 没有 四过 都 是 二 那 请问 一下 周围 的 人 有 出现 这个 问题 吗 有 啊 我们 这边 的 这 一 地带 的 人 都 是 个个 都 是 没有 上网 过 四 的 都 是 二 而且 还要 去 空旷 的 地方 才能 上 得 了 网像 我 在 在 房间 那里 根本 就 上 不了 网烦 好 的 那 您 先 不要 着急 那 麻烦 您 提供 一下 详细 的 地址 我 帮 您 把 这个 问题 反馈 在 后台 核实 一下 啊 我们 这里 是 那标 是 请问 是 哪 一个 标 啊 那里 的 那 吗 对 对 那里 的 那 那标 标标 是 那个 目标 的 标 呃 目标 的 标 那标 那标 那 标镇 吗 还是 那标村 呃 那 标村 是 扶绥县 岜 盆乡 嗯 扶绥县 什么 什么 乡 呢 岜 盆乡 请问 是 哪 一个 他 男士 的 那个 姓氏 的 他 吗 岜 岜 岜 盆 是 哪 一个 他 不是 他 是 岜 上面 一个 山 然后 下面 是 一个 巴 泥巴 的 巴 岜 盆乡 然后 标村 这里 信号 很 差劲 好多 电话 也 像 像 我们 这些 电话 要是 在 在 在家 里面 电话 有时候 都 没 信号 都 打 不 出去 特别 是 我 在 那个 瓦房 那里 一点 信号 都 没有 嗯 好 的 那 您 先 不要 着急 我 帮 您 查看 一下 请稍等 那 每次 上网 都 急 死 我 了 每次 都 上 上 上 上 它 老 是 又 是 卡 而且 从来 没上 过 四 我买个 四 手机 干嘛 咧 好 的 那 您 先 不要 着急 我目 但是 我 目前 查看 了 一下 您 提供 的 这个 地方 当地 的话 都 没有 这个 网络故障 的 请问 这个 问题 是 您 这个 问题 是从 什么 时候 开始 的 哎哟 好久 咯 起码 都 都 都 都 有 尝试 关 那 请问 关开 手机 有 请问 您 有 强试 关开 手机 重试 过 吗 关 了 刚刚 我 的 就是 我 刚才 我 上网 我 都 急死了 我 现在 才 刚刚 刚刚 上 那个 然后 它 一 卡 啦 然后 我 又 关机 然后 又 上 了 才 隔 一下下 然后 又 卡 啦 我 我 现在 帮 您 把 这个 问题 反馈 在 后台 核实 一下 看 是 什么 情况 核实 清楚 到 时 有 工作人员 电话 联系 您 好多 人 都 是 在 房子 里面 或者 在 那个 瓦房 那个 根本 就 没 信号 我 已经 帮 您 把 这个 问题 反馈 在 后台 核实 了 核实 清楚 会 有 工作人员 电话 联系 请 您 到 时 留意 接听 嗯 好 的 好 的 谢 那 不用 客气 请问 还 嗯 还有 其他 需要 帮 请问 还有 其他 需要 帮助 吗 嗯 没有 啦 上网 太慢 了 而且 又 老 是 卡机 那 感谢您 的 来电 了 再见 ,1
您好 很 高兴 为您服务 喂 你好 呃 我 想 问 一下 这个 我 刚刚 收到 那个 服务 密码 错误 是 怎么回事 啊 呃 请问 您 这边 有 输入 过 吗 我 没有 啊 嗯 如果 您 没有 输入 的话 有 可能 是 他人 的 行为 导致 的 这边 的话 呢 建议您 可以 修改 一个 比较复杂 一点 的 服务 密码 并 保管 好 您 的 密码 不要 轻易 泄露 这个 问题 的话 呢 已经 由 我们 的 这个 领导 部门 正在 处理 当中 了 给 您 带来 不便 请 您 谅解 了 呃 就是说 那 刚才 这个 服务 密码 这 这 什么 怎么样 的 服务 吗 是 哪 一类 的 我 都 听不懂 就是 服务 密码 就是 有 六位数 的 服务 密码 呀 就是 有 六个 数 那 这个 的话 像 我 的 号码 也 有 收到 这种 情况 的 所以 的话 呢 这边 的话 你 也 可以 不用 理它 也 可以 哦 哦 是 这样 啊 就是说 那个 卡 的 服务 密码 还是 什么 银行 行卡 的 是 手机卡 的 哦 是 手机卡 的 啊 哦 我 收到 那个 两次 的 错误 服务 密码 我 是 怎么回事 我要 问 一下 像 我 的 号码 也 有 收到 的 这个 刚才 这边 已经 给 您 解释 过 了 是 他人 的 行为 导致 的 所以 这边 的话 建议您 修改 比较复杂 一点 的 密码 好 了 好 吧 哦 哦 好 的 谢谢 啊 我 以为 是 怎么 客气 谢谢您 的 理解 了 麻烦 按 一号 键 ,1
您好 很 高兴 为您服务 喂 您好 呃 这个 嗯 就是 关于 这个 覆盖 的 问题 呃 在 在 二十二号 的 时候 我 反映 过 这样 哦 这个 扣掉 的 就是说 呃 呃 就 就是 退款 啊 可是 可是 过 了 过 了 三天 了 怎么 还是 我查 这个 话费 还是 还是 没有 退 呢 嗯 我 帮 您 核实 一下 请稍等 感谢 等待 您 这个 月 话 呢 是 有 退 了 这个 流量 费用 给 退累 给 您 了 一共 是 十二块 两毛二 都 已经 全部 到 账 了 您 现在 话费 一共 还有 我 看 一下 请稍等 不是 噢 全额 退费 喔 那 那个 这个 月 的 话费 我 是 零分 的 喔 这现 现在 是 十二 呃 十二块 二毛二 那 怎么 是 呃 是 退费 呢 您 现在 话费 还 剩余 十二块 八毛 六 的 能 退 的 都 已经 给 您 退 了 赠 赠送 返还 的 哦 怎么 怎么 查询 不到 呢 您 稍后 可以 编辑 短信 幺 幺 五二 发送到 幺 零零 八六 查询 一下 幺 幺 五二 是 吗 嗯 那 就是 诶 那 那 那 就是 这个 月 的 消费 就是 零分 了 呃 是 吗 您 这个 月 话 呢 是 能 您 稍后 先 发短信 去查 一下 好 吧 能 退 的 都 给 您 退 了 嗯 好 的 我 查查 一下 嗯 好 的 感谢 来电 祝您 生活 愉快 再见 ,1
您好 很 高兴 为您服务 诶 你好 帮 我查 一下 现在 那个 现在 这个 手机号 目前 在 用 的 那些 增值 业务 有 哪些 给 您 核实 的话 它 有 一个 五元 来电显示 升级 那双 电 业务 就 只有 这个 业务 一个月 扣 五块 钱 其他 包月 收费 的 就 没有 了 那 我 问 一下 您 就是说 一月份 跟 二月份 就是 我查 到 的 这些 呃 什么 和 阅读 职场 必想 包括 和 阅读 育儿 这些 必选 是 什么 东西 啊 呃 那 是因为 您 之前 的话 有 开通 包月 的 那个 手机 阅读 少年 漫画 包 还有 一个 手机 阅读 育儿 必选 包 然后 您 还有 一个 和 阅读 职场 必选 包 核实 这 三个 您 在 今天 的话 已经 有 把 它 给 取消 了 所以 现在 它 已经 没有 了 还有 我 问 一下 那个 数媒 又 是 什么 东西 数媒 的话 手机 上 玩 那个游戏 点播 到 的 那 我 问 一下 老人家 他 都 没 弄 这个 是 怎么 怎 怎么回事 咧 现开 了 这么 多 东西 在 这里 这 个 的话 它 是 手机 上 点播 到 才 会 产生 的 如果 手机 的话 没有 操作 使用 它 不会 产生 而且 它 的话 也 有 那个 确认 的 不 可能 他们 根本 连 短信 都 不会 弄 我 这 样子 我要 就 说 把 这个 手机 现在 上网 功能 也 把 它 停掉 可以 吗 可以 啊 关闭 之后 流量 网络 就 无法 连接 同时 信 也 无法 接 手机 这边 我 肯定 是 要 弄 的 我 意思 说卡 那边 把 它 那个 上网 功能 给 停掉 可以 吗 就是 你们 那边 的 现在 就 说 可以 帮 您 关闭 这 上网 功能 啊 对 啊 就 我 我 只要 他 接电 呃 打 打电话 跟 短信 就 了 这 两样 都 了 其他 的 不要 的 那 现在 就 帮 您 关闭 啦 立即 失效 手机 打开 也 无法 连接 到 了 好 吧 嗯 彩 包括 彩信 哦 嗯 问题 是 我 以前 也 跟 你们 打 过 电话 要 取消 这些 东西 为什么 还会开 呢 核实 您 这 上网 功能 它 在 六月份 六月 二十三 号 的 时候 有 打开 六月份 有 打开 它 是 怎么样 打开 会 触发 到 呢 给 您 核实 的话 查询 是 通过 营业厅 那边 进行 办理 打开 的 通过 营业厅 办理 打开 的 对 啊 您 当时 有没有 去 到 那边 办理 那个 这个 业务 他 那 最 多 那个 时候 最 多 只是 换 后面 我 意思 是 说 它 换 了 一个 卡嘛 原先 它 不是 三卡 嘛 换 了 一个 四卡 啊 那 我 现在 的话 帮 您 关闭 这 上网 功能 之后 它 就 无法 点播 了 好 吧 法 连接 到 流量 了 我 我 我 知道 我 想 问 一下 你 有没有 没有 哪 一种 情况 它 还 会 触发 到 就 除了 你们 打电话 给 你们 办 或者说 营业厅 去 办 有没有 任何 任 有 一种 情况 打个比方 营业厅 的 员 员工 私 私自 把 把 把 把 这个 开 了 呃 不会 的 大 的话 帮 那 您 关闭 之后 如果 您 以后 没有 进行 打开 的话 它 手机 上 就 无法 连接 到 了 我 知道 你 说 不 怎么样 可以 打开 我 问 你 这 来电 打开 或者 去 到 营业厅 打开 也 可以 通过 网上 营业厅 这些 开通 的 那 我 意思 说 要 触发 怎么样 情况 之下 它会 打开 打个比方 我 打个 电话 哦 要求 你 开 这是 一种 途径 另外 一种 途径 就是 去 营业厅 我 叫 营业员 帮开 还有 没有 那种 情况 就是 老人家 在 不知 情况 之下 它会 触发 一般 的话 都 是 经过 同意 之后 才 会 帮 您 打开 的 你 说 的 那个 同意 会 不会 就 说 呃 就 说 它 发个 短信 过来 然后 呃 然后 或者说 是 你们 那边 有 一个 推 推广 人员 打个 电话 过来 然后 老人家 也 不 知道 干嘛 然后 他 他 就 他 呢 呃 他 他 就 开 了 这 样子 有没有 这种 情况 如果 他 同意 开通 之后 的话 会 可以 开通 的 他 会 帮 可以 帮 开通 的 就 不是 同意 我 意思 说 有 可 有 这种 情况 是 吗 就 说 你们 那边 的 推销员 打个 电话 过来 然后 老人家 不 知道 然后 应答 了 也 不知情 然后 就 开 了 有没有 如果 没有 同意 的话 不会 开通 的 我 懂 了 呃 就 说 现在 的话 它 这 张卡 就 目前 只 就 只 呃通 通话 跟 接收 短信 正常 其他 的 网络 这边 呃 不 不 呃 不会 触发 了 的 是 吧 那 那 我 下个月 再 看 哦 行 嗯 好 的 那 感谢 来电 了 再见 ,1
很 高兴 为您服务 您好 先生 这边 我 不是 你 那边 的 那个 地方 客服 呃 我 不会 说 白话 的 您 我 我 嗯 是不是 呃 现在 是 这 这个 电话 是不是 套餐 来 的 是 有 套餐 呢 十八元 的 一个 飞享 套餐 嘛 呃 是不是 那个 加入 那个 集团 网络 的 您 的 号码 中 现在 还 没有 加入 有 集团 网 帮 我 加入 一下 啊 集团 网是 不是 集团 网是 由 联系 你 那边 集团 客户经理 才 可以 办理 的 我们 这边 办理 不成 办理 不了 的 呀 是 您 的 单位 统一 帮 您 办理 就 找到 那个 单位 帮 您 办理 的 那个 负责人 由 他们 那边 来 帮 您 办理 的 不是 我们 这边 帮 您 办理 的 呃 你 这里 办理 不了 对 是 的 那 说 呃 我 这个 套餐 是 八块钱 但是 它 没有 显示 我 加入 了 集团 网 您 的 这个 号码 的 这个 十八元 套餐 是 我们 移动 公司 的 套餐 多少 钱 多 多少 呃 多少 钱 的 套餐 十八元 呢 哦 十八元 不是 八元 的 那个 吗 不是 啊 是 十八块 的 哦 好好 好 呃 也 就 说 要 那个 客户经理 才能 帮 我 加得 了 是 吧 对 是 的 您 是 我 我 现在 呃 没有 这个 加入 那个 集团 网 的 这个 呃 您 要 咨询 您 单位 的 人 就 可以 了 好 行行好 ,2
您好 很 高兴 为您服务 您好 请问 有 什么 可以 帮助 到 您 那个 彩铃 设置 不好意思 这边 可能 刚才 由于 系统 原因 的话 听 不 太 清楚 您 的 问题 请问 一下 您 的 问题 是 什么 呢 我 说 这个 那个 彩铃 只能 取消 您 说 您 您 的 您 您 想 取消 取消 这 张卡 是 吗 彩铃好 的 请 您 稍等一下 帮 您 看到 您 的 彩铃 是 在 开卡时 订购 的 一个 优惠活动 是 免费 体验 三个 月 的 每个 月 产生 的 话费 会 返还 给 您 等额 的 话费 然后 这个 三个 月 是 免费 体验 现在 这个 活动 的话 他 还 在 有 有效期限 内 是 无法 取消 的 如果 您 需要 取消 的话 您 可以 在 三 三月份 取消 掉 就 可以 啦 您 在 三月份 任何 一天 都 可以 取消 掉 的 那 你 帮 我 可以 转 到 那个 那个 彩铃 那边 可以 吧 嗯 那 您好 这 这个 的话 只用 现在 这 这边 幺 零零 八六 这边 没有 彩铃 的 一个 人工 服务 如果 您 需要 更改 彩铃 的话 您 可以 通过 通过 短信 更改 或者说 您 可以 直 拨打 拨打 幺 二 五八 零 更改 都 可以 幺 幺 二 五八 零 啊 对 您 可以 拨打 幺 二 五八 零 进行 更改 彩铃 不过 的话 拨打 幺 二 五八 零是 要 收费 的 建议您 可以 尝试 一下 其他 的 一个 途径 最后 我 将 更改 彩铃 的 方法 我 已经 给 您 下发 啦 稍后 您 可以 看 一下 那 感谢您 的 来电 啦 祝您 生活 愉快 再见 ,2
您好 很 高兴 为 您 诶 我 想 请问 一下 我 这个 套 套餐 如果 去 到 外地 的话 接听 要 要 要 要 话费 吗 您 是 说 在 这个 归属 地 以外 其他 地方 漫游 对 吧 嗯 嗯 嗯 我 看 了 下 您 在 用 的 用 的 是 一个 十八元 的 飞享 本地 套餐 如果 在 漫游 的 状态 下 使用 的话 它 是 按照 拨打 和 接听 两毛 九 一分钟 的 费用 来 计收 打和接 都 是 要 扣费 哦 如 如果说 超出 这个 玉 玉林 的话 接听 都 要 都 要 都 要 扣扣 费用 是 吗 是 的 打 和 接 都 按照 两毛 九 一分钟 的 费用 来 收取 哦 哦 这 样子 啊 诶 你 你 帮 我 开通 一下 那个 开通 那个 漫游 包吧 漫游 包 的话 有 五块 钱 一个月 也 有 十块钱 一个月 的 您 看 下 是 需要 开 哪个 档次 我 开开 十 十元 那个 如果 是 十块钱 那个 国内 漫游 包 的话 本身 它 每个 月 钟 国内 主 个 通话 因为 已经 是 十三号 了 如 您 这边 开 这个 十元 的 套餐 本月 按天 折算 扣费 只 需要 扣 五块 两毛六 然后 里面 的 通话 分钟 数 按天 那 如果 都 清楚 的话 稍后 我 可以 直接 在 系统 上 有 短信 下发 收到 之后 就 可以 直接 使用 如果 到时候 您 不 需要 使用 的话 记得 提前 联系 我们 申请 取消 就 可以 了 嗯 嗯 嗯 嗯 嗯 可以 那 我 现在 就 马上 帮 您提 诶 你 帮 我 开通 吧 好 的 那 立即 开通 立即 生效 请 听 好 提示 留意 短信 ,2
您好 高兴 为您服务 怎么 开 那个 叠加 包 啊 流量 的 是 吗 我们 现在 流量 叠加 包它 已经 升级成 安心 包了 安心 包 这个 功能 您 已经 开有 了 不用 再开 直接 用 就 好 了 它会 自动 给 您 叠加 您 流量 费 超出 开始 扣 话费 两毛九一兆 的 时候 扣 到 十块钱 会 自动 给 您 累计 满一 百兆 没 到 十块钱 之前 一兆 两毛 九 流量 当月 有效 用 完 之后 再 继续 用 它 会 一直 给 您 叠加 十元 一 百兆 如果 扣 到 六十块 可以 给 您 累计 用满 一 百兆 呃 用 满 一 的 您 直接 用 就 好 了 它 会 自动 给 您 叠加 的 我 只 想 我 想 直接 叠加 啊 您 直接 用 就 好 它 会 自动 给 您 叠加 您 用到 十块钱 就 能 累计 用满 一 百兆 它 现在 已经 变成 自动 安心 包 这 样子 一个 这个 叠加 包了 我们 有点 不 明白 就是 这么 说 您 直接 上网 直接 给 它 扣 话费 就 好 了 扣 到 十块钱 就 可以 用满 一 百兆 流量 它 不会 说 扣 这个 十块钱 扣 这个 流量 又 会 用 可以 这么 说 它 就 直接 给 您 是 直接 扣 话费 直接 按照 安心 包 的 一个 资费 来 扣 话费 不要 您 每次 都 没有 直接 开 那 叠加 的 吗 没有 了 现在 它 已经 升级 为 自动 叠加 的 了 自动 叠加 有点 坑 哦 都 是 一样 的 一个 是 手动 叠加 一个 自动 叠加 手动 叠加 的 动 叠加 啊 现在 没有 现在 没有 手动 叠加 嗯 那 你 帮 我 下 最近 我用 超出 来 多少 目前 您 流量 费 还 没有 超出 您 现在 这个 流量 的话 还是 有 的 呃 还 还 还 剩 多少 还有 蛮 多 的 我 看 一下 还有 三 多 加上 夜间 流量 夜间 的 我 见 我 这 张卡 哦 如果说 不 加 夜间 流量 的话 您 这个 还有 一多 的 二十四 小时 可以 用 的 流量 那 为什么 它发 那 信息 过来 它 说 我 没 流量 咧 因为 我们 是 有 送给 您 流量 它 是 优先 使用 送 的 才 用到 套餐 流量 送 的 流量 用 完 了 它 也 会 下 发短信 提醒 的 每 一种 流量 用 完 它 都 会 提醒 您 可以 发送 幺 零三 发到 幺 零零 八六 就 可以 查到 您 的 一个 流量 这个 使用 情况 剩余 情况 了 不是 那 那 意思 说 我 现在 还 剩一多 流量 白天 的 随 随时 都 可以 用 了 就是说 现在 不 扣费 如果 加上 夜间 流量 您 总共 还有 三 多 单单是 白天 可以 拿来 上网 的 还有 一 多 因为 我们 是 有 送给 您 流量 它 现在 跟 您 提醒 的 是 我们 送 的 广西 区内 白天 流量 用 完 了 那 您 现在 开始 用到 套餐 的 白天 流量 是 这个 意思 短信 给 您 下发 了 您 可以 看 一下 哦 意思 就是说 你们 送 的 流量 我 已经 用 完 了 还是 再用 就 说 是 这 张卡 本身 的 流量 是不是 对 送 的 白天 流量 用 完 了 哦 现在 是 剩一多 你 是 说 不 扣费 的 喔 我 我 上网 就 说 不 扣费 的 啵 嗯 早 说 嘛 搞 的 我 因 这 几天 都 不 不敢 开 那个 不敢 开 那个 那 您 就 注意 下 您 的 一个 流量 使用 了 短信 给 您 下发 了 可以 可以 可以 谢谢 了 不用谢 的 感谢 来电 祝您 生活 愉快 ,2
您好 很 高兴 为您服务 取消 一下 我 的 业务 想 取消 什么 业务 呢 呃 我 有 哪些 业务 来 的 那 除了 您 的 飞享 套餐 十八元 套餐 之外 另外 的 游戏 玩家 手机 视频 彩铃 以及 彩印 基础 包 这 四个 业务 都 可以 取消 呃 取消 这 四个 四个 业务 除了 那个 来电显示 不用 取消 之外 其他 给 我 取消 去 那 套餐 是 没有 什么 办法 取消 的 另外 您 的 亲情 网 需要 取消 吗 亲 亲情 网 怎么 用 啊 亲情 网 就 在 本地 打电话 优惠 的 呀 每个 月 有 本地 主叫 亲情 网 内 成员 三千 分钟 呃 什么 意思 再说 一遍 诶 亲情 网 就是 打 您 的 亲情 网 内 成员 成员 每个 月 有 本地 主叫 三千 分钟 的 优惠 的 如果 是 在 本地 打电话 就 会 有 三千 分钟 优惠 是 吗 对 需要 打 亲情 网 内 成员 的 是 的 亲情 网内 的 成员 就是 我 我 电话卡 里 储存 的 人 啊 亲情 网 里面 的 人 您 的 亲情 网 里面 现在 就 除了 您 自己 之外 还有 一个 副 卡 七七 幺 五八 三 二五 这个 电话号码 幺 五 七七七 幺 五 那 是 我 的 啊 那 这 就是 您 那个 副 卡 啊 那 您 如果 不 想要 的 也 可以 取消 呃 那个 好像 另外 呃 呃 那个 优惠 优惠 一千 分钟 好像 我 都 没有 用过 呢 用 过 吗 我 帮 您 看 一下 三千 分钟 三千 分钟 没有 用 啊 现在 没有 用 我 就 知道 因为 我 我 都 没有 好像 我 都 没有 都 没有 亲情 亲情 网 的 人 呢 有 一个 的 有 一个 啊 那 就 电话号码 哦 八三 二五 也 是 您 自己 的 吗 八三 二五 是 的 不是 八三 八五 是 八三 二五 八三 二五 不是 我 八三 二五 嗯 尾号 还是 前面 的 呀 这 是 您 亲情 网 的 副 卡 呃 现在 您 的 之前 那 三个 业务 都 取消 了 只 剩 这 两 业务 了 我 把 这 两个 业务 的 信息 发给您 您 看 一下 了 开 业务 都 发给您 了 麻烦 您 看 一下 好 的 那 您 都 清楚 了 对 吧 嗯 好 的 那 感谢您 的 ,2
您好 很 高兴 为您服务 今天 早上 的 时候 那个 移动 客服 帮 我 改 了 一个 套餐 十八块 钱 那个 啊 那 请问 你 想 说 的 是 什么 呢 我 是 想 问 一下 就 说 呃 它 呃 就 说 呃 全国 打一毛 九 接听 免费 那个 啊 桂林 我 还有 个 桂林 的 移动 号 我 可不可以 改 啊 这个 资费 啊 这个 帮 他机 了 我 建议您 用 您 的 那个 的 那个 手机号码 来 拨打 给 我们 办理 就 可以 了 就是 现在 这个 啊 现在 这个 我 已经 开通 了 就 说 我 幺 三 六 那个 与 另外 一个 是 一个 桂林 的 号码 我 就是说 可不可以 呃 也 用 这个 资费 啊 呃 就 说 我 就 说 我 想 了解 下 就 说 因为 我 的 那个 桂林 的 号码 好像 是 呃 开 了 那个 两城 一家 漫游 到 南宁 的 嘛 就 说 呃 十八块 钱 那个 哈 我 在 南宁 我 可以 享受 什么 优惠 啊 就 说 桂林 的 号码 到 这边 来 十八块 那个 一样 是 拨 全国 拨 全国 接 全国 拨打 一毛 九 接听 免费 呃 然后 那个 流量 两百 的 也 可以 在 用 是 吗 在 有 一百 是 在 全国 可以 使用 有 一百 是 在 国 省内 可以 使用 我 知道 啊 就 说 我 在 桂林 到 南宁 也 可以 用 嘛 是 吗 那 你 你 帮 我 你 你 我 现在 告诉 你 号码 你 可以 帮 我 操作 吗 这个 是 要 验证 您 的 手机 服务 密码 的 手机 服务 密码 请问 您 听 得到 我 说话 吗 ,2
您好 很 高兴 为您服务 呃 你好 我 想 开通 国际漫游 开 国际漫游 是 吗 呃 是 免费 的 吗 呃 开 国际漫游 话 是 要验 那个 密码 的 您 呃 是 需要 验 您 的 服务 密码 的 可以 吗 呃 可以 啊 那好 的 请 您 先验 下 您 的 服务 密码 呃 那 那 我 这边 稍后 再发 一条 它会 不会 自动 输入 那个 直接 复制 不用 试 然后 下发 一 呃 尊敬 的 客户 您好 您 现在 是 已经 验证 密码 成功 那 我 这边 的话 是 可以 帮 您 开通 您 是 要 现在 开通 吗 呃 好 的 那 就 请 您 稍等一下 我 现在 帮 您 开通 呃 尊敬 的 客户 您好 我 这边 已经 帮 您 开通 那 请问 还有 什么 帮到 您 的 呃 就 说 呃 在 我 离开 中国 在 其他 国家 我 的 手机 都 可以 打得通 了 是 吧 对 我现 已经 帮 您 开通 那 请问 还有 什么 帮到 您 的 吗 呃 就是说 如果 呃 这个 是 不 收费 对 吧 呃 对 它 是 呃 这个 国内 就 说 您 这个 国际漫游 它 是 不 收费 但是 的话 您 是 打电话 它 才 收费 的 呃 想 问 一下 如果 在 国外 打电话 回 国内 的话 是 怎么 收费 的 呢 呃 这边 的话 我 也 不是 很 呃 这边 就是说 您 这个 地区 不同 话 它 是 打电话 是 不同 的 所以 说 您 把 是 我 不 了解 您 那 地区 的话 我 是 不 了解 您 的话 是 那个 所在 新加坡 跟 马来西亚 您 是 在 马来西亚 是 吗 那好 的 请 您 稍等一下 哦 看 一下 大概 多少 钱 马来西亚 是 吗 请 呃 请 您 稍 等 呃 尊敬 的 客户 您好 呃 您 是 在 那个 马 马来西亚 打电话 的话 是 这样 的 您 在 拨打 那 漫游 地 的 电话 是 零点 九九 元 就 说 您 假如 是 您 是 拨打 自助 打 回 中国 大陆 电 电话 是 一块 九毛 九 一分钟 那 我 就 明白 就 在 国外 打电话 打 我们 中国 的 手机 是 直拨 的 还是 要加 当地 的 号码 的 呢 呃 我 这边 查询 话 是 您 是 呃 直拨 的话 就是 一块 九毛 九 然后 我 这边 帮 您 查看 一下 好 请 您 稍等一下 就 说 我 这里 我 记得 的话 是 可以 添加 个 东西 是 比较 便宜 的 我 这边 去 帮 您 去 后台 咨询 一下 好 吗 哦 反正 应该 我 知道 大概 大概 就 得 了 也 不会 打 很多 的 如果 太 就 不用 了解 了 没关系 了 嗯 就 说 您 的话 是 现在 的话 我 这边 查 的话 可能 需要 点 时间 哦 嗯 那行 了 那 先 这样 吧 因为 我现 没有 空 我 知道 了 就 得 了 能 你 帮 我 开通 就 可以 了 哦 好 的 那 就 感谢您 来电 祝您 生活 愉快 再 ,2
您好 很 高兴 为您服务 喂 你好 帮 我 看 一下 那个 哦 两城 一家 是 吗 恩好 的 请 您 稍 等 这边 有 查看 到 您 这边 是 开 了 一个 两 呃 哦 之前 是 开了个 玉林 到 北海 呃 对 吧 那 现在 是 要 开 哪个 城市 到 哪个 城市 呢 呃 就是 钦 钦州 到 那个 贵港 钦州 到 贵港 对 吗 恩好 的 那 请 您 稍等一下 钦州 到 贵港 这个 呢 是 两块钱 一个月 的 请 您 稍等一下 两城 一家 哦 上网 不能 上 您好 这 样子 的 呃 就是 这个 的话 是 两块钱 一个月 就是 您 这边 要 开通 玉林 或者 呃 看 下 啊 钦州 到 贵港 的话 呢 是 在 钦州 或者 在 呃 我 看 下 哦 在 钦州 或者 是 贵港 这边 呢 直播 哦 钦州 或者 贵港 的 电话 呢 都 是 按照 一毛九来 收取 的 接听 所有 电话 呢 都 是 免费 的 那 请问 您 对 这个 资费 都 了解 吗 恩好 的 那 现在 开通 的话 呢 是 立即 生效 的 我 这边 稍后 呢 我 看 下 哦 稍后 帮 您 这边 开通 就 可以 了 好 吧 五分钟 之内 您 这边 的话 就 会 生效 好 吗 恩 好好 好 的 那 感谢您 的 来电 啦 祝您 生活 愉快 再见 ,2
您好 很 高兴 为您服务 呃 喂 你好 帮 我查 一下 我 的 流量 还 还 剩 多少 啊 呃 请 您 稍等一下 呃 先生 您好 这边 帮 您 看 下 您 这个 剩余 的 流量 已经 使用 完 了 使用 完 啦 呃 是 这个 月 的 啊 呃 对 这个 月 已经 使用 完 了 这个 月 到 到 到 多少 号 截止 的 呃 这个 的话 呃 到 二十八 号 嘛 这个 月 只有 二十八 号 十八号 啊 呃 二十八 嗯 那 先生 刚 我 解释 您 都 清楚 了 吗 呃 呃 帮帮 帮加 十块钱 那个 流量 喂 呃 请 您 稍等一下 那 现在 开通 十块钱 的话 它 是 只 扣 一个 帮 您 看 下 只 两块 六毛 三 它 只有 二十七 兆 呃 只 扣 哦 你 你 说 什么 你 再说 一遍 就 说 现在 已经 二十一 号 啦 它 只 扣个 两块 六毛 三 然后 只有 二十七 兆 那 这个 的话 建议您 的话 是 可以 开通 一个 四十块 的 流量 套餐 然后 的话 它 扣 一个 十块 五毛 二 然后 它会 有 一百 八十五 兆 一百二十五 是 吗 然后 呃 这 呃 剩下 它 都 移到 下个月 是 哇 呃 对 呃 就是说 就是说 如果 只能 在 本月 使用 完 本月 使用 完 啊 那 本月 使用 完 那 八天 哪能 用 得 完 嗯 那 你 看 你 可以 开通 这个 两块 六毛 三 的 它 有 二十七 兆 然后 的话 下个月 它 就 扣 一个 十块 然后 的话 有 一 百兆 呃 开通 一个 喂 开通 一个 喂 呃 如 开通 这个 它 只 扣个 两块 六毛 三 只有 二十七 兆 您 这个 您 都 清楚 了 吗 哦 那 那 开通 刚 你 讲 的 那个 是 多少 钱 呃 四十块 的 然后 的话 它 扣 一个 十块 五毛 二 然后 有 一百八十 五兆 呃 那 那 呃 那 现在 就 就 就 两个 啊 没有 没 还 还有 还 没有 别的 呃 还有 个 呃 五块 两毛六 然后 的话 有 七十九 兆 它 是 二十块 的 呃 那 那 那 那 那 那 那 要 这 五块 的 吧 呃 那 下个月 您 还 继续 使用 这个 二十块 钱 三百 兆 这个 流 流量 吗 呃 不 不 使用 了 呃 不 不 使用 了 只订 一个月 吗 呃 但是 的话 这个 流量 话 只能 在 本月 使用 哦 如果 你 下 月 不 使用 的话 哦 得 得 得 嗯 嗯 那 这边 帮 您 开通 一个 二十块 的 然后 它 只 扣 一个 五块 两毛六 然后 它 有 七十九 兆 呃 它 是 立马 生效 的 嗯 那 这边 已经 帮 你 开通 成功 了 然后 的话 这边 已经 呃 再 帮 您 取消 下 月 它 就 会 自动 失效 了 嗯 嗯 嗯 嗯 好 的 呃 像 这个 月 完 了 下个月 不 继续 不 继续 扣 了 哇 是 的 这边 已经 帮 您 取消 了 下 月 它 会 自动 失效 了 您 可以 放 得 得 得 得 得 哈 嗯 嗯 好 的 那 感谢 来电 了 祝您 生活 愉快 再见 嗯 再见 ,2
您好 很 高兴 为您服务 喂 你好 我想 问下 我 这个 怎么 会 那个 是 怎么 一 回事 啊 本 机号码 是 开通 一个 三块 钱 的 视频 信息费 是 什么 意思 是不是 那个 微信 它 是 您 开通 有 一个 和 视频 喜乐 包 的 一个 包月 的 视频 费用 是 在 之前 参加 活动 体验 三个 月 的 三个 月 后 如果 不 取消 它 也 不会 自动 取消 的 如果 您 不 需要 可以 现在 帮 您 取消 哦 现在 马上 帮 我 取消 好 的 已经 取消 成功 请问 其他 还有 什么 可以 帮 您 那个 来电 显 来电 提醒 是 吗 有 一个 那个 是不是 套餐 的 不是 的 是 吗 那 我 帮 我 也 取消 吧 好 现在 也 已经 取消 了 那 我 这个 是 全球通 呃 改为 那个 套餐 是 吧 哦 反正 每个 月 就是 就 打 也 是 打打 长途 短途 都 是 一 毛九是 吗 那 在外 外面 外面 打 也 是 一毛 九 没有 这 长途 漫漫 游 了 啵 我 这个 上个月 开 开始 的 这 三月份 就 开始 使用 这个 全球通 的 啵 请问 其他 还有 什么 需要 了解 的 那 我 那个 好像 还有 那个 什么 铃 咕铃 那个 什么 还有 其他 吧 您 看 一下 要 扣费 那些 现在 就 剩 是 有 十八块 钱 套餐 其他 就 没有 了 就 没有 了 是 吗 这个 全球通 就是 十八块 钱 一个月 是 吗 它 有 什么 什么 一 百兆 国内 流量 一 百兆 区内 流量 还有 一个 来电显示 来电显示 刚才 我 取消 了 吗 刚才 是 来电 提醒 有 就是 里面 十八块 钱 里面 有 的 吗 那 我 刚才 那个 离 来电 提醒 是不是 在 十八块 里面 不是 已经 取消 了 现在 就 十八块 钱 一个月 包含 来电显示 包含 来电显示 是 吗 就是 十八块 加 来电 来电显示 可以 通过 短信 下 发给您 可以 再 核对 一下 每个 月 只要 交 十八块 就 可以 了 哦 好 了 好 了 好 请 稍后 评价 本次 服务满意 按 一 再见 ,2
